index,code,category,name,weight_g,kcal,carb_g,sugar_g,fat_g,protein_g,sodium_mg
0,01011001,01,쌀밥,210,334.79999999999995,73.71000000000001,0,0.44999999999999996,5.76,59.400000000000006
1,01012001,01,기타잡곡밥,200,302.362,65.52109999999999,0,0.7462,6.7092,3.3919999999999995
2,01012002,01,콩밥,200,322.90000000000003,65.846,0,1.6660000000000001,8.427999999999999,4.1
3,01012003,01,보리밥,200,316.1,70.57,0,0.14,5.55,4.5
4,01012004,01,돌솥밥,350,528.855,101.85,0,8.347000000000001,10.187,618.3149999999999
5,01012005,01,현미밥,230,351.35,77.8771,0,1.1021,6.6575999999999995,42.079
6,01012006,01,흑미밥,200,318,70.28999999999999,0,0.39,5.4399999999999995,4.5
7,01013001,01,감자밥,200,308,68.64,0,0.08,5.68,5.2
8,01013002,01,곤드레밥,350,506.8,108.05199999999999,0,8.372,14.14,88.753
9,01014001,01,김치볶음밥,500,656.98,79.29000000000002,3.996,5.06,8.739999999999998,1094.91
10,01014002,01,주먹밥,150,209.56,36.18000000000001,0,3.463,6.703,329.69
11,01014003,01,볶음밥,400,687.744,100.328,0,19.29,24.458,1441.42
12,01014004,01,일반비빔밥,500,702.996,95.68336363600001,3.44,25.283909091,22.595090909,1234.0880000000002
13,01014005,01,전주비빔밥,450,662.192,92.98948756,3.44,13.033502488,15.843492536999998,1281.3020000000001
14,01014006,01,삼선볶음밥,400,683.617,113.42848756000001,5.093999999999999,16.842502488,19.258492537,1155.8060000000003
15,01014007,01,새우볶음밥,400,634.52,91.62000000000002,0,17.905,24.114999999999995,1124.628
16,01014008,01,알밥,400,606.54,92.10000000000001,0,3.45,15.16,1647.8660000000002
17,01014009,01,산채비빔밥,400,495.89000000000004,89.6601645,0.52,10.9935671,10.663298700999999,1060.7779999999998
18,01014010,01,오므라이스,450,684.986,101.62116449999999,0,19.751567100000003,23.145298700999998,1123.236
19,01014011,01,육회비빔밥,450,661.41,91.74216450000004,2.58,17.5395671,32.001298701,1126.6
20,01014012,01,해물볶음밥,400,659.23,85.19216449999999,0,23.709567099999997,22.681298700999996,951.0300000000001
21,01014013,01,열무비빔밥,400,445.65999999999997,90.0321645,1.72,3.1595671,12.991298701,718.39
22,01015002,01,불고기덮밥,500,699.96,92.0921645,5.99,21.3995671,29.311298701,1182.8799999999999
23,01015003,01,소고기국밥,700,331.71,54.93,0,4.74,16.04,1613.2100000000003
24,01015004,01,송이덮밥,600,600.42,103.57,0,14.45,16.28,1578.85
25,01015005,01,오징어덮밥,500,693.9799999999998,83.42800000000001,2.6879999999999997,20.92,40.589999999999996,1497.37
26,01015006,01,자장밥,500,729.6170000000001,98.078,4,24.949999999999996,25.758,1521.8500000000001
27,01015007,01,잡채밥,650,851.54,125.70000000000002,4,28.610000000000003,21.139999999999997,2251.34
28,01015008,01,잡탕밥,750,737.23,100.55000000000001,0,22.479999999999997,29.02,1922.1350000000004
29,01015009,01,장어덮밥,400,671.7199999999999,103.036424242,0,19.236181818,26.135818182,893.22
30,01015010,01,제육덮밥,500,796.94,95.8,5.4,27.52,37.8,1375.6899999999998
31,01015011,01,짬뽕밥,900,696.6878378,93.41573338,0,22.41699592,41.79552295,2869.53538288
32,01015012,01,순대국밥,900,690.3500000000001,34.229,0,16.478,17.338,3418.195
33,01015013,01,카레라이스,500,653.24,92.576,0,10.667,13.398,1108.55
34,01015014,01,전주콩나물국밥,900,432.38,88.732,0,3.525,12.496,1753.2550000000003
35,01015015,01,해물덮밥,700,837.976,100.112,0,29,51.768,2117.832
36,01015016,01,회덮밥,500,697.996,101.753,18.405,11.397,42.992,777.6299999999999
37,01015017,01,소머리국밥,1100,891.4300000000002,77.05799999999999,0,40.76200000000001,48.943,970.8949999999999
38,01015018,01,돼지국밥,1200,811.4399999999999,78.28399999999999,3.3,36.452999999999996,56.754999999999995,1257.67
39,01015019,01,하이라이스,360,477.6,84.591,0,9.669,7.92,991.68
40,01016001,01,김치김밥,250,377.26200000000006,71.80399999999999,0,4.619999999999999,11.449,967.7899999999998
41,01016002,01,농어초밥,250,414.78000000000003,74.14399999999999,6.9719999999999995,2.367,19.925,1385.4599999999998
42,01016003,01,문어초밥,250,377.97,71.835,4.98,1.0300000000000002,16.904,1420.922
43,01016004,01,새우초밥,250,395.54,69.54299999999999,2.988,1.206,22.737,1396.751
44,01016005,01,새우튀김롤,300,572.016,81.496,3.996,18.896,21.112000000000002,1512.5009999999997
45,01016006,01,샐러드김밥,250,422.434,75.84150000000001,0,7.508,12.764000000000001,906.6774999999999
46,01016007,01,광어초밥,300,471.6640000000001,72.526,5.229,3.206,33.741499999999995,951.2755
47,01016008,01,소고기김밥,250,425.6660000000001,76.07049999999998,0,6.636000000000001,14.671000000000001,1477.9844999999998
48,01016009,01,갈비삼각김밥,100,183.18,32.745999999999995,0,2.5949999999999998,6.861000000000001,398.119
49,01016010,01,연어롤,300,518.58,76.107,0,14.719000000000001,20.723,1243.818
50,01016011,01,연어초밥,250,451.029,70.868,3.964,5.763,24.939999999999998,995.03
51,01016012,01,유부초밥,250,463.21,78.47399999999999,6.765,11.231999999999998,12.366000000000001,929.0659999999998
52,01016013,01,장어초밥,400,486.34837000000005,74.84050999999998,2.0595,12.734900000000001,16.325039999999998,1291.8050500000002
53,01016014,01,참치김밥,250,401.224,47.553,0,14.586999999999998,19.825,925.7310000000001
54,01016015,01,참치마요삼각김밥,100,189.582,31.933999999999997,0,2.889,8.11,189.10000000000002
55,01016017,01,치즈김밥,250,462.2269,77.125,0,8.843,17.1226,919.9703
56,01016018,01,캘리포니아롤,300,468.16,81.22,0,9.73,12.8,1351.96
57,01016019,01,한치초밥,250,389.96,77.31,1.74,1.2,13.54,1153.49
58,01016020,01,일반김밥,200,348.87,63.636,0,5.424,10.276,951.3200000000002
59,02011001,02,간자장,650,807.7367999999999,121.74799999999998,6.7932,26.380599999999998,29.283200000000004,2347.7712
60,02011002,02,굴짬뽕,900,640.774,115.816,1.998,7.759,37.39,2385.3450000000003
61,02011003,02,기스면,1000,645.6099999999999,98.30199999999999,0,11.004000000000001,43.516999999999996,2279.5240000000003
62,02011004,02,김치라면,650,512.2552499999999,80.56555,2.27305,20.338500000000003,12.970749999999999,2628.288
63,02011005,02,김치우동,800,512.712,99.064,0,4.736,16.744,3003.048
64,02011006,02,김치말이국수,600,310.37699999999995,60.75599999999999,2.997,2.469,10.418000000000003,2335.4480000000003
65,02011007,02,닭칼국수,900,643.097,70.238,0,19.587000000000007,39.85900000000001,2492.774
66,02011008,02,들깨칼국수,600,442.32199999999995,76.674,2.398,6.778,17.477,1695.7730000000001
67,02011009,02,떡라면,700,672.1799999999998,121.08300000000001,0,17.579000000000004,15.451,2214.3559999999998
68,02011010,02,라면,550,509.32800000000003,83.16800000000002,0,17.748,14.077000000000002,1695.5009999999997
69,02011011,02,막국수,550,566.886,111.30199999999998,11.022,5.0874999999999995,26.9485,1828.021
70,02011012,02,메밀국수,600,588.6750000000001,120.08700000000003,10.162,4.526999999999999,25.259000000000004,1962.4579999999996
71,02011013,02,물냉면,800,579.71,96.40300000000002,1.199,9.779,28.784,2586.1597
72,02011014,02,비빔국수,550,577.17,114.475,11.014999999999999,9.549999999999999,16.705000000000002,1628.3000000000002
73,02011015,02,비빔냉면,550,594.3100000000001,91.49200000000002,1.999,9.127999999999998,23.699,1530.5699999999997
74,02011016,02,삼선우동,1000,692.2599999999999,89.195,1.999,10.527999999999999,56.1725,2351.4322
75,02011017,02,삼선자장면,700,787.844,111.57,1.999,24.682,38.326,2791.1097
76,02011018,02,삼선짬뽕,900,629.1000000000001,89.31099999999999,2.997,13.452,39.17,2825.6600000000003
77,02011019,02,수제비,800,622.148,99.21699999999998,0,6.5409999999999995,38.529,1669.3157
78,02011020,02,쌀국수,600,321.33500000000004,46.19799999999999,2.198,5.814,21.848000000000003,2032.165
79,02011021,02,열무김치국수,800,488.32399999999996,81.61199999999998,0,8.223,21.935999999999996,2587.704
80,02011023,02,오일소스스파게티,400,626.5849999999999,99.24400000000001,0,16.585,14.675,968.6960000000001
81,02011024,02,일식우동,700,420.79300000000006,81.226,0.5,1.739,16.935,1873.5439999999994
82,02011025,02,볶음우동,300,377.92,62.259,0.9084,10.809999999999999,9.584999999999997,1461.3100000000002
83,02011027,02,자장면,650,760.88275,134.2891,7.992,23.1648,15.739625,2446.9963749999997
84,02011028,02,잔치국수,700,564.2339999999999,104.66499999999999,0.44,6.226000000000001,20.262,1792.2259999999999
85,02011029,02,짬뽕,1000,650.3059999999999,118.54399999999998,0,13.524999999999999,25.525,3451.3679999999995
86,02011030,02,짬뽕라면,750,633.34,88.792,0,24.628,31.408000000000005,2380.926
87,02011031,02,쫄면,450,622.4189999999999,110.852,22.13,6.932,12.358,1271.545
88,02011032,02,치즈라면,600,598.674,83.534,0,23.282,23.346999999999998,2425.9700000000003
89,02011033,02,콩국수,800,623.5,67.116,0.999,20.433000000000003,47.802,875.8390999999999
90,02011034,02,크림소스스파게티,400,825.0615000000001,85.87595000000002,0,45.39685000000001,19.442750000000004,1025.2077000000002
91,02011035,02,토마토소스스파게티,500,642.1776000000001,102.07200000000002,0,17.3664,20.222399999999997,1404.8111999999999
92,02011036,02,해물칼국수,900,621.1973999999999,124.20989999999999,0,4.0107,24.873299999999997,2195.0534999999995
93,02011037,02,회냉면,550,638.902,131.8955,22.728749999999998,8.777999999999999,20.218000000000004,1524.2755
94,02011038,02,떡국,800,714.9869,144.02990000000003,0,5.386700000000001,21.862199999999998,2019.2821000000001
95,02011039,02,떡만둣국,700,625.347,113.9604,0,9.3978,22.721700000000002,1999.1163000000001
96,02011040,02,짜장라면,250,409.375,63.77499999999999,0,14.850000000000001,12.0125,1276.375
97,02012001,02,고기만두,250,454.38500000000005,55.325,0,18.244999999999997,18.6575,888.8000000000002
98,02012002,02,군만두,250,684.4199999999998,76.17,0,31.174999999999997,19.772499999999997,983.7025000000001
99,02012003,02,김치만두,250,424.64240000000007,60.7932,0,13.096200000000001,18.4314,961.9740000000002
100,02012004,02,물만두,120,158.05255,20.484949999999998,0,5.842,5.8580999999999985,269.51974999999993
101,02012005,02,만둣국,700,432.621,53.276999999999994,0,14.924000000000001,19.243000000000002,2356.6689999999994
102,03011001,03,게살죽,800,554.2379999999999,103.5906,0,7.6259999999999994,18.146600000000003,1533.9576
103,03011002,03,깨죽,800,505.67750000000007,71.13100000000001,0,18.940600000000003,13.429400000000001,1212.2731000000003
104,03011003,03,닭죽,1000,1181.71,92.53000000000003,0,48.17999999999999,75.93,789.79
105,03011004,03,소고기버섯죽,800,573.2374,102.9346,0,6.461599999999999,20.524599999999996,1263.6199999999997
106,03011005,03,어죽,800,559.2741,90.46730000000001,0,6.0753,15.530899999999999,1621.2897000000003
107,03011006,03,잣죽,700,872.6080000000001,153.7851,0,20.2943,15.791900000000002,850.6253
108,03011007,03,전복죽,800,587.2914000000001,105.0365,0,11.454,14.574800000000002,1423.9314000000004
109,03011008,03,참치죽,800,658.4603999999999,105.9396,0,13.8528,26.083199999999998,1264.146
110,03011009,03,채소죽,800,514.8324,100.79520000000001,0,5.1294,11.8939,1211.6340000000002
111,03011010,03,팥죽,600,482.65200000000004,100.74000000000001,4.7940000000000005,0.564,20.592,1026.114
112,03011011,03,호박죽,600,430.326,111.40800000000002,25.776000000000003,0.72,8.112,911.7180000000001
113,03012001,03,콘스프,400,280.482,35.372,0,14.016,5.822,1319.462
114,03012002,03,토마토스프,400,382.4119999999999,12.418000000000001,0,25.402,18.200000000000003,1544.308
115,04011001,04,굴국,450,194.4225,11.443499999999998,0,8.649000000000003,22.8015,1775.9700000000003
116,04011002,04,김치국,450,85.9995,13.005,0,3.375,6.0345,1646.1495000000002
117,04011003,04,달걀국,450,193.04099999999997,5.350499999999999,0,11.110500000000002,16.1865,1263.9645
118,04011004,04,감자국,700,220.07299999999998,37.00899999999999,0,2.163,16.996,1734.152
119,04011005,04,미역국,500,50.16499999999999,4.694999999999999,0,4.35,2.7000000000000006,1527.55
120,04011006,04,바지락조개국,550,159.247,8.5085,0,1.8425,25.828,1650.847
121,04011007,04,소고기무국,400,125.22400000000002,8.136,0,4.715999999999999,13.512000000000002,1095.184
122,04011008,04,소고기미역국,650,154.9275,6.909500000000001,0,6.825000000000001,20.228,2006.8749999999998
123,04011010,04,순대국,800,550.6639999999999,22.816000000000006,0,32.93599999999999,41.224000000000004,1532.5919999999999
124,04011011,04,어묵국,600,252.09000000000006,37.164,0,4.2059999999999995,22.854,2022.7440000000001
125,04011012,04,오징어국,500,169.03499999999997,10.595,0,2.3549999999999995,27.740000000000006,1573.4199999999998
126,04011013,04,토란국,250,462.97,85.16,0,7.0725,23.8875,700.6700000000001
127,04011014,04,탕국,250,94.23750000000001,2.575,0,4.32,12.0775,663.0474999999999
128,04011015,04,홍합미역국,650,168.883,14.131,0,6.4285,19.987499999999997,2066.272
129,04011016,04,황태해장국,600,184.224,6.389999999999999,0,7.218000000000001,25.212,1526.8200000000002
130,04012001,04,근대된장국,450,109.2645,8.136,0,3.2129999999999996,15.309,1453.1940000000002
131,04012002,04,미소된장국,150,37.966499999999996,1.6949999999999998,0,1.7459999999999998,4.1385,511.98
132,04012003,04,배추된장국,700,121.53399999999998,11.039,0,3.6259999999999994,13.958,2321.4800000000005
133,04012004,04,뼈다귀해장국,1000,715.9799999999999,29.71,0,45.370000000000005,53.629999999999995,3093.6
134,04012005,04,선지(해장)국,1000,314.42,22.29,0,5.029999999999999,48.099999999999994,3053.19
135,04012006,04,콩나물국,400,22.529999999999998,1.2610000000000001,0,1.4220000000000002,1.8219999999999998,752.425
136,04012007,04,시금치된장국,400,121.448,9.896,0,3.3880000000000003,16.688,1381.248
137,04012008,04,시래기된장국,450,99.12149999999997,10.683000000000002,0,2.5425,10.017,1535.6295
138,04012009,04,쑥된장국,450,117.315,17.165499999999998,0,2.5520000000000005,13.211,1799.6
139,04012010,04,아욱된장국,450,103.52699999999999,9.963,0,2.9385,11.997,1462.1265
140,04012011,04,우거지된장국,450,85.97250000000001,13.716,0,1.8135000000000001,6.444,1593.99
141,04012012,04,우거지해장국,600,158.496,14.856399999999999,0,5.725200000000001,14.1856,1972.0879999999997
142,04012013,04,우렁된장국,500,245.275,21.189999999999998,0,7.049999999999999,24.72,2150.425
143,04013002,04,갈비탕,600,240.39600000000002,8.208,0,14.333999999999998,18.672,1688.43
144,04013003,04,감자탕,900,963.7085000000001,49.6375,0.9006,58.2825,60.553,2439.3815
145,04013004,04,곰탕,300,181.41599999999997,15.498000000000001,0,5.436000000000001,16.593,713.6429999999999
146,04013005,04,매운탕,600,402.792,18.828,1.548,21.564000000000004,37.164,2130.9539999999997
147,04013006,04,꼬리곰탕,700,750.6948000000001,10.934400000000002,0,52.80270000000001,54.86630000000001,764.7313
148,04013007,04,꽃게탕,600,240.65400000000002,20.772,0,5.49,31.703999999999997,2268.8579999999997
149,04013008,04,낙지탕,600,186.102,11.766000000000002,0,2.7300000000000004,29.214000000000002,1711.1219999999998
150,04013009,04,내장탕,700,549.808,13.699,0,31.506999999999998,56.973,2383.0730000000003
151,04013010,04,닭곰탕,650,527.7025000000001,15.392,0,24.141000000000002,58.876999999999995,1005.1860000000001
152,04013011,04,닭볶음탕,300,371.81100000000004,19.173,2.016,17.319000000000003,33.846000000000004,1030.455
153,04013012,04,지리탕,600,260.59150000000005,10.5235,0,8.359,38.343500000000006,1685.164
154,04013013,04,도가니탕,800,563.648,5.584,0,34.767999999999994,54.6,599.272
155,04013014,04,삼계탕,1000,881.3245,44.080000000000005,0,40.57449999999999,76.64600000000002,1211.3165
156,04013015,04,설렁탕,600,422.76000000000005,10.937999999999999,0,18.203999999999997,52.709999999999994,725.1600000000001
157,04013017,04,알탕,700,424.125,49.522499999999994,14.850000000000001,6.9795,49.2075,2393.2860000000005
158,04013018,04,연포탕,1000,541.19,21.64,0,9.2,91.65,2307.0699999999997
159,04013019,04,오리탕,600,480.822,24.156,1.032,21.636,43.21200000000001,1849.9260000000002
160,04013020,04,추어탕,700,338.66700000000003,24.416,1.806,11.508000000000001,37.366,2077.1520000000005
161,04013021,04,해물탕,600,272.26199999999994,19.584000000000003,1.548,3.3839999999999995,41.742,2071.986
162,04013022,04,닭개장,700,317.07039999999995,19.182799999999997,0,14.946399999999999,33.741600000000005,1786.0336
163,04013023,04,육개장,440,137.8564,11.622300000000001,0,5.8672,13.438699999999999,1112.7844
164,04013024,04,뼈해장국,1000,692.93,25.420000000000005,0,37.16,67.92,3192.46
165,04014001,04,미역오이냉국,450,77.34599999999999,19.7415,8.991,1.3544999999999998,5.606999999999999,1483.6005
166,04015001,04,고등어찌개,600,605.3099999999998,32.034000000000006,0,28.2,59.16000000000001,2599.7100000000005
167,04015002,04,꽁치찌개,300,356.63399999999996,14.478000000000002,0.7224,20.685000000000006,29.511000000000006,1296.3300000000002
168,04015003,04,동태찌개,800,369.68800000000005,18.943999999999996,1.3760000000000001,7.800000000000001,59.56799999999999,2487.544
169,04016001,04,부대찌개,600,525.984,46.806,0,28.482,27.714,2689.188
170,04017001,04,된장찌개,400,147.064,15.976,0,5.267999999999999,11.708,2021.7800000000002
171,04017002,04,청국장찌개,400,275.464,14.968,0,14.432,25.844,1839.752
172,04018001,04,두부전골,500,315.11,16.195,0.8600000000000001,19.150000000000002,29.145,1651.525
173,04018002,04,곱창전골,600,532.65,26.886,0,34.728,38.34600000000001,1750.422
174,04018003,04,소고기전골,300,203.223,16.548000000000002,0,7.542,19.467000000000002,1090.149
175,04018004,04,국수전골,400,643.1600000000001,66.928,3.996,22.387999999999998,45.291999999999994,1524.6279999999997
176,04019001,04,돼지고기김치찌개,400,246.28799999999998,9.328,0,18.256,15.5,1961.476
177,04019002,04,버섯찌개,400,171.85999999999999,15.259999999999998,0,7.524,16.644,1267.812
178,04019003,04,참치김치찌개,400,193.57600000000002,13.331999999999995,0,10.887999999999998,16.855999999999998,2604.4519999999998
179,04019004,04,순두부찌개,400,198.46800000000002,8.78,0,14.032,14.716000000000001,1331.3120000000001
180,04019005,04,콩비지찌개,400,248.664,24.516000000000002,0,12.807999999999998,15.964,1206.328
181,04019006,04,햄김치찌개,300,190.4662,15.4367,0,10.6807,11.626099999999997,1527.8156999999999
182,04019007,04,호박찌개,300,98.30099999999999,12.735000000000001,2.064,2.3369999999999997,7.779000000000001,1028.145
183,04019008,04,고추장찌개,500,263.4432,20.083199999999998,0,12.345599999999997,25.617599999999996,935.1456000000001
184,05011001,05,대구찜,500,372.67999999999995,26.424999999999997,0,8.43,54.08000000000001,1888.04
185,05011002,05,도미찜,100,126.312,0.756,0,3.684,21.006,882.04
186,05011004,05,문어숙회,80,67.488,0.1824,0,0.7296,14.136000000000003,222.83200000000002
187,05011008,05,아귀찜,400,310.69599999999997,17.588,0,6.676000000000001,48.848,1463.3119999999997
188,05011010,05,조기찜,100,185.252,1.813,0.34079999999999994,9.195,22.271,631.892
189,05011011,05,참꼬막,80,89.76720000000002,4.920799999999999,1.5984,2.1712000000000002,12.983200000000004,400.228
190,05011012,05,해물찜,500,397.37499999999994,36.02,0,8.935,50.275000000000006,2213.4350000000004
191,05012001,05,소갈비찜,250,500.4525,11.310000000000002,0,29.165,42.545,768.4225000000001
192,05012002,05,돼지갈비찜,170.1,249.69900000000004,8.82,1.7639999999999998,14.418000000000001,20.564999999999998,946.677
193,05012003,05,돼지고기수육,300,1218.1855999999998,8.694199999999999,0,99.51639999999998,61.4684,389.5309
194,05012004,05,찜닭,1500,1358.384,140.6418,57.524,36.543800000000005,114.90200000000002,5290.091
195,05012005,05,족발,150,381.5719999999999,32.300000000000004,0,16.62,26.019999999999996,839.1449
196,05013001,05,달걀찜,250,190,4.8075,0,10.912500000000003,16.202499999999997,860.3175
197,06012001,06,닭갈비,300,562.104,24.543,3.513,28.887,52.29599999999999,975.549
198,06012002,06,닭꼬치,70,177.50529999999998,12.8982,8.582699999999999,7.895999999999999,12.348700000000001,287.26109999999994
199,06012003,06,돼지갈비,100,248.52420000000004,7.6005,5.0112000000000005,14.7006,19.947599999999998,344.8854
200,06012004,06,떡갈비,250,762.9875,26.6075,12.4875,51.575,43.085,838.8375
201,06012005,06,불고기,150,386.7908,13.054800000000002,1.0956000000000001,21.78,32.9032,632.5353999999998
202,06012006,06,소곱창구이,150,639.1095,6.507,0,51.708,35.616,332.71799999999996
203,06012007,06,소양념갈비구이,300,986.9166,27.74475,14.3075,66.4753,61.97065000000001,1272.3438500000002
204,06012008,06,소불고기,200,174.73349999999994,19.6327,9.490499999999999,4.6797,14.223399999999998,828.1510999999998
205,06012009,06,양념왕갈비,150,485.5065000000001,15.036,8.352,33.706500000000005,29.332500000000003,533.1929999999999
206,06012010,06,햄버거스테이크,200,436.75200000000007,21.35,0,28.052,24.924,920.262
207,06012011,06,훈제오리,250,789.9625,11.8275,6.245000000000001,64.6525,38.1575,1216.9750000000001
208,06012012,06,치킨데리야끼,340,692.5248,50.72960000000001,3.6409599999999998,32.192,47.340799999999994,865.9775999999999
209,06012013,06,치킨윙,100,219.419,9.965,2.4462,14.23,11.405,351.394
210,06013001,06,더덕구이,100,183.74,31.78,10.8475,5.621,5.802,745.78
211,06013002,06,양배추구이,100,60.933,7.621,0.8420000000000001,2.651,2.711,242.337
212,06013003,06,두부구이,100,90.671,1.527,0,6.267,9.411,164.39
213,06014001,06,삼치구이,200,355.7061000000001,8.475299999999999,0,18.008999999999997,37.827000000000005,797.7096000000003
214,07011001,07,가자미전,150,220.464,6.684,0,7.123499999999999,29.9715,814.374
215,07011002,07,굴전,100,192.81,13.922,0,9.067,12.563,331.021
216,07011003,07,동태전,150,265.2507,11.47718,0,16.14041,19.866989999999998,672.9765899999999
217,07011004,07,해물파전,150,267.23120000000006,27.676160000000003,0,12.56736,12.9352,356.42632000000003
218,07012001,07,동그랑땡,150,312.4125,14.705999999999998,0,18.723000000000006,19.674,579.8100000000001
219,07012002,07,햄부침,100,232.598,9.733,0,15.481,13.067,774.678
220,07012003,07,육전,100,197.098,6.724,0.299,9.514,19.582,248.684
221,07013001,07,감자전,200,366.15850000000006,53.811800000000005,0,13.613499999999998,9.6691,456.5301
222,07013002,07,고추전,150,261.44250000000005,17.7765,0.747,14.8605,13.937999999999999,359.8845
223,07013003,07,김치전,150,285.72799999999995,32.0688,0,12.4784,13.172799999999999,785.6
224,07013004,07,깻잎전,150,357.62250000000006,16.6515,0.747,24.6405,18.297,464.9355
225,07013005,07,녹두빈대떡,100,200.71,18.637,0,8.321,9.956,246.031
226,07013006,07,미나리전,150,215.8635,30.096,0,8.632499999999999,6.087000000000001,235.647
227,07013007,07,배추전,150,241.008,32.51200000000001,0,10.494400000000002,6.409600000000001,355.976
228,07013008,07,버섯전,150,239.68349999999995,18.6075,0.747,12.93,11.934,307.923
229,07013009,07,부추전,150,241.182,32.0115,0,9.5025,7.141500000000001,255.1605
230,07013010,07,야채전,100,194.94,24.971,0,8.78,4.946,322.923
231,07013011,07,파전,150,280.548,37.455,0,12.0375,7.726500000000001,337.998
232,07013012,07,호박부침개,100,130.722,8.671,0,9.235,3.37,172.027
233,07013013,07,호박전,150,215.283,16.557,0,14.4195,6.589500000000001,274.63050000000004
234,07014001,07,달걀말이,100,172.238,4.668,0,11.232,12.044,323.323
235,07014002,07,두부부침,100,134.88,4.288,0,8.755,9.922,199.833
236,07014003,07,두부전,150,253.89,8.078,0,18.025,18.655,500.528
237,08011001,08,건새우볶음,20,69.1858,4.813,2.70256,2.2963999999999998,7.221800000000002,193.088
238,08011002,08,낙지볶음,200,180.59000000000003,23.512,6.7,3,17.866000000000003,868.8839999999999
239,08011003,08,멸치볶음,20,69.225,5.693,3.4330800000000004,2.0423999999999998,6.9704000000000015,274.09599999999995
240,08011004,08,어묵볶음,150,281.5425,36.279,4.473000000000001,8.083499999999997,18.037499999999994,1283.8274999999999
241,08011005,08,오징어볶음,200,243.69600000000003,27.42,9.280000000000001,6.842,20.43199999999999,1025.86
242,08011006,08,오징어채볶음,20,55.7136,7.004600000000001,1.3477000000000001,0.6852,5.394000000000001,240.964
243,08011007,08,주꾸미볶음,200,211.81,21.692,6.7,6.11,20.156000000000002,969.8839999999999
244,08011008,08,해물볶음,400,420.52700000000004,36.5332,7.657,15.3178,37.483200000000004,1647.0188000000003
245,08012001,08,감자볶음,50,57.80300000000001,8.23,0.498,2.5335000000000005,1.3435,219.935
246,08012002,08,김치볶음,200,189.97000000000003,21.828000000000003,8.964,12.133999999999999,5.288,1513.4099999999996
247,08012003,08,깻잎나물볶음,200,212.392,17.328,0.2,16.372,8.032,1046.426
248,08012004,08,느타리버섯볶음,150,133.3185,14.216999999999999,0.15000000000000002,8.925,4.406999999999999,625.2510000000001
249,08012005,08,두부김치,250,292.42,13.84,0,21.315,19.147499999999997,1033.8500000000001
250,08012006,08,머위나물볶음,150,102.993,7.705500000000002,0,7.952999999999999,4.3035,696.9149999999998
251,08012007,08,양송이버섯볶음,150,132.4215,10.554,0,9.790500000000002,5.457000000000001,520.1145
252,08012008,08,표고버섯볶음,150,143.59499999999997,14.278500000000001,1.494,7.356000000000001,4.0095,563.5904999999999
253,08012009,08,고추잡채,200,264.218,22.106,8.4462,12.706,12.862000000000002,850.3079999999999
254,08012010,08,호박볶음,50,29.185000000000002,3.094,0,2.0060000000000002,0.7705000000000001,223.2785
255,08013001,08,돼지고기볶음,200,353.132,15.33,4.75,20.936000000000003,25.746,1060.3319999999999
256,08013002,08,돼지껍데기볶음,150,346.14450000000005,22.7265,15.843000000000002,19.228500000000004,22.3905,759.294
257,08013003,08,소세지볶음,200,476.04028999999997,28.805249999999997,5.830144,33.24425,17.03997,1409.04861
258,08013004,08,순대볶음,400,579.5559000000001,70.95935,14.2912,25.6102,17.58295,1379.5474000000002
259,08013005,08,오리불고기,250,559.93155,24.47235,4.0748999999999995,34.2465,38.16075,854.0740499999999
260,08013006,08,오삼불고기,200,356.93600000000004,21.461999999999996,7.4239999999999995,20.238,23.348,870.4
261,08014001,08,떡볶이,200,300.76000000000005,58.85399999999999,5.704,2.96,8.718,862.2299999999998
262,08014002,08,라볶이,200,266.0299999999999,41.13399999999999,6.356000000000001,9.588,7.959999999999999,836.2379999999999
263,08014003,08,마파두부,200,226.91509999999997,10.985800000000001,0.5680999999999999,12.013699999999995,16.852999999999994,647.4516000000002
264,09011001,09,가자미조림,300,301.29,20.337,5.994,6.9030000000000005,40.701,1621.2300000000002
265,09011002,09,갈치조림,100,99.385,5.494,0.5,3.916,10.675,463.82
266,09011003,09,고등어조림,250,459.3349999999999,10.960000000000003,1.4600000000000002,25.350000000000005,45.37249999999999,1177.955
267,09011004,09,꽁치조림,150,280.08820000000003,8.357999999999999,1.3943999999999999,16.6656,22.593200000000003,679.4171999999999
268,09011005,09,동태조림,250,270.6125,16.77,4.995,4.0925,39.032500000000006,1440.1749999999997
269,09011006,09,북어조림,100,184.581,15.656,2.9064,3.035,23.884,761.39
270,09011007,09,조기조림,300,378.2615,14.2419,1.45,16.263199999999998,41.4294,1682.8989999999994
271,09011008,09,코다리조림,100,146.67,4.574,0.5,5.616,18.458,433.18
272,09012001,09,달걀장조림,100,133.725,10.032,3.1713,6.395,8.751,636.605
273,09012002,09,메추리알장조림,100,205.08,7.358,2.4522,13.691,12.107,758.9
274,09013001,09,돼지고기메추리알장조림,50,62.969,3.14,0.83765,2.1065,7.6160000000000005,555.7849999999999
275,09013002,09,소고기메추리알장조림,50,61.21500000000001,3.446,0.999,2.211,6.672000000000001,608.295
276,09014001,09,고추조림,100,105.878,14.827,2.988,4.185,2.856,802.456
277,09014002,09,감자조림,50,39.013,8.4025,0.7854,0.203,1.552,265.9155
278,09014003,09,우엉조림,30,68.49600000000001,15.505199999999999,7.61112,0.3285,1.0971000000000002,242.28060000000002
279,09014004,09,알감자조림,50,56.226,10.480500000000001,1.5667499999999999,1.2635,1.3835,241.73200000000003
280,09015001,09,(검은)콩조림,20,56.831999999999994,6.9838000000000005,2.9153400000000005,2.0858000000000003,3.8488,102.85300000000001
281,09015002,09,콩조림,20,59.221999999999994,7.754599999999999,2.9153400000000005,1.9389,3.5661,234.70099999999996
282,09015003,09,두부고추장조림,50,67.1415,4.025500000000001,1.8900000000000001,3.998,5.1370000000000005,199.2275
283,09016001,09,땅콩조림,20,80.41880000000002,6.5448,3.2709,5.114800000000001,2.9102,154.246
284,10011001,10,미꾸라지튀김,100,382.13,30.57,0,22.541,12.687,323.256
285,10011002,10,새우튀김,100,311.256,21.828,0,19.643,11.827,553.887
286,10011003,10,생선가스,200,646.21125,57.3754,0,37.09064999999999,24.501599999999996,817.2735
287,10011004,10,쥐포튀김,100,353.33,37.99,0,16.541,11.207,423.79925000000003
288,10011005,10,오징어튀김,100,308.426,26.016,0,16.496,13.459,361.571
289,10012001,10,닭강정,100,323.251,24.21,1.7421000000000002,15.563,18.335,413.137
290,10012002,10,닭튀김,300,909.8053999999998,45.9186,0,52.342099999999995,54.546099999999996,1150.1313
291,10012003,10,돈가스,200,620.6445000000001,36.556000000000004,0,39.11719999999999,27.777999999999995,557.0932999999999
292,10012004,10,모래집튀김,150,457.34499999999997,31.861199999999993,0,25.894399999999994,22.289399999999997,297.01
293,10012005,10,양념치킨,200,567.582,38.83999999999999,12.364,31.146,30.466,777.8560000000001
294,10012006,10,치즈돈가스,250,758.496,45.48479999999999,0,46.1472,36.0192,855.0455999999999
295,10012007,10,치킨가스,200,582.0079999999999,51.2753,0,28.644399999999997,31.032699999999995,748.7311
296,10012008,10,탕수육,200,454.4381999999999,56.488899999999994,1.8981,16.586999999999993,17.062,403.256
297,10012009,10,깐풍기,200,585.076,43.36200000000001,13.944,33.339999999999996,27.795999999999996,629.2719999999999
298,10014001,10,감자튀김,150,462.105,50.099999999999994,0,25.762500000000003,6.24,374.2185
299,10014002,10,고구마맛탕,200,490.92750000000007,90.1908,1.4307299999999998,13.5324,3.3033,213.3306
300,10014003,10,고구마튀김,100,241.566,34.1,0,10.796,3.205,150.639
301,10014004,10,고추튀김,100,198.346,12.74,0,13.625,6.482,260.651
302,10014005,10,김말이튀김,100,240.562,32.486,0,12.38,2.248,393.022
303,10014006,10,채소튀김,100,311.99,36.349,0,18.532,3.013,277.28
304,11011001,11,노각무침,150,81.354,16.433999999999997,5.086500000000001,2.0745,3.0854999999999997,822.0974999999999
305,11011002,11,단무지무침,50,19.188000000000002,3.2154999999999996,0.974,0.9105,0.4670000000000001,447.86199999999997
306,11011003,11,달래나물무침,150,132.687,25.255499999999998,13.536,3.3045000000000004,4.7715,852.993
307,11011004,11,더덕무침,150,220.89149999999998,48.4395,31.5435,2.7405,4.890000000000001,1203.5835000000002
308,11011005,11,도라지생채,150,165.225,38.590500000000006,2.997,1.71,4.146,789.078
309,11011006,11,도토리묵,100,43.046,9.87,1.399,0.346,0.398,116.473
310,11011007,11,마늘쫑무침,30,38.1177,9.3513,3.2781000000000002,0.2799,0.9843,423.4554
311,11011008,11,무생채,150,73.68,16.0035,4.4955,1.2795,2.634,832.188
312,11011009,11,무말랭이,30,39.889500000000005,9.632399999999999,1.0326,0.3426,1.3628999999999996,378.77639999999997
313,11011010,11,오이생채,50,23.3555,4.6255,1.5150000000000001,0.496,0.885,269.314
314,11011011,11,파무침,150,124.29599999999998,19.474500000000003,8.367,5.406,3.8175,693.834
315,11012001,11,상추겉절이,200,130.61999999999998,17.988,1.998,6.246,5.648000000000001,952.32
316,11012002,11,쑥갓나물무침,150,94.85699999999999,8.784,0,6.5055,5.485499999999999,700.1205
317,11012003,11,청포묵무침,250,157.60999999999999,19.675,13.7375,4.225,2.955,756.74
318,11012004,11,해파리냉채,150,87.285,13.827,7.4925,1.5450000000000004,6.631500000000001,490.12799999999993
319,11013001,11,가지나물,50,21.873,3.0310000000000006,0,1.2719999999999998,0.7320000000000001,159.1745
320,11013002,11,고사리나물,50,43.508,3.799,0,3.2625,1.9655,251.53
321,11013003,11,도라지나물,50,54.675,5.335,0,3.819,0.6695000000000001,256.66749999999996
322,11013004,11,무나물,50,34.575,3.042,0,2.563,0.5755,293.5195
323,11013005,11,미나리나물,50,28.3435,2.5595000000000003,0,2.138,0.9899999999999999,165.524
324,11013006,11,숙주나물,50,19.509,1.559,0,1.347,1.312,186.733
325,11013007,11,시금치나물,50,37.511,3.815,0,2.3685,2.069,217.2565
326,11013009,11,취나물,50,72.944,3.4555,0,6.714499999999999,1.5965,288.6495
327,11013010,11,콩나물,50,24.129,1.1449999999999998,0,1.9789999999999999,1.6395,203.4965
328,11013011,11,고구마줄기나물,50,30.439,2.9685,0,2.2385,0.6285000000000001,255.7095
329,11013012,11,우거지나물무침,150,126.114,10.282500000000002,1.4985,8.661000000000001,5.076,774.5475
330,11014001,11,골뱅이무침,100,107.348,15.558,6.0600000000000005,2.298,7.905,515.92
331,11014002,11,김무침,30,81.0114,12.188099999999999,6.932099999999999,4.1247,4.7094,498.6338999999998
332,11014003,11,미역초무침,50,24.936,5.698500000000001,3.996,0.5399999999999999,1.0715000000000001,285.8
333,11014004,11,북어채무침,150,332.052,31.332,18.02458,5.802999999999998,37.365999999999985,1048.5300000000004
334,11014005,11,회무침,300,311.58720000000005,42.879200000000004,26.412000000000003,4.2562999999999995,27.177700000000005,1253.2525
335,11014006,11,쥐치채,20,53.387,10.177200000000001,6.6036,0.19800000000000004,2.7684,289.4502
336,11014007,11,파래무침,30,31.585499999999996,5.429100000000001,0.8990999999999999,0.6897,2.3396999999999997,252.04500000000002
337,11014008,11,홍어무침,200,193.13799999999998,24.898,9.434,2.274,21.640000000000004,817.424
338,11014009,11,골뱅이국수무침,230,256.41630000000004,39.6333,0,7.014600000000001,10.524600000000003,911.7441000000001
339,11014010,11,오징어무침,200,249.525,13.5522,0,4.1904,38.66760000000001,682.389
340,11015001,11,잡채,150,198.82349999999997,37.47449999999999,2.988,4.7010000000000005,2.5935,664.7505
341,11015002,11,탕평채,100,101.194,10.196,6.993,3.113,3.529,247.419
342,12011001,12,갓김치,50,27.635500000000004,5.211500000000001,0.4235,0.7015,1.9825,447.77400000000006
343,12011002,12,고들빼기,50,55.3875,11.994,0,0.5640000000000001,2.206,733.749
344,12011003,12,깍두기,50,17.988000000000003,3.9449999999999994,0.05,0.22699999999999998,0.9974999999999998,338.876
345,12011004,12,깻잎김치,150,124.49250000000002,23.2665,2.988,3.1605,6.096,1907.6415000000004
346,12011005,12,나박김치,100,14.746,2.255,0.01,0.42,0.63,509.472
347,12011006,12,동치미,400,57.69199999999999,14.26,0,0.64,2.696,2313.584
348,12011007,12,배추겉절이,50,21.239,4.484499999999999,0.996,0.503,0.9405000000000001,325.406
349,12011008,12,배추김치,50,18.4315,4.154999999999999,0.498,0.2975,1.145,309.5255
350,12011009,12,백김치,50,19.803500000000003,4.3755,0,0.2645,0.798,211.718
351,12011010,12,부추김치,50,32.9105,6.2875,3.486,0.5694999999999999,1.875,399.378
352,12011011,12,열무김치,50,16.285000000000004,3.1555,1.195,0.34850000000000003,1.3430000000000002,308.349
353,12011012,12,열무얼갈이김치,50,16.57,3.0254999999999996,0,0.40349999999999997,1.2690000000000001,344.2010000000001
354,12011013,12,오이소박이,50,16.6675,2.9565,1.195,0.532,0.9424999999999998,276.19350000000003
355,12011014,12,총각김치,50,17.564500000000002,3.436000000000001,0,0.369,1.03,347.17049999999995
356,12011015,12,파김치,50,28.005000000000003,5.4719999999999995,0.996,0.702,1.5545,395.8649999999999
357,13011001,13,간장게장,250,292.7025,13.884999999999998,0.17024999999999998,2.0875,32.665,3075.5325
358,13011002,13,마늘쫑장아찌,50,28.2695,6.1875,2.3475,0.13,1.045,778.6005
359,13011003,13,고추장아찌,30,22.356,4.1814,2.997,0.0882,0.8034000000000001,787.299
360,13011004,13,깻잎장아찌,30,33.6351,7.872299999999999,2.7816899999999998,0.3575999999999999,2.1138,568.7526000000001
361,13011005,13,마늘장아찌,30,16.0554,3.0663,0.29969999999999997,0.020399999999999998,0.7872,481.749
362,13011006,13,무장아찌,30,27.337200000000003,5.31465,3.2967000000000004,0.26070000000000004,0.5669400000000001,933.28224
363,13011007,13,양념게장,200,275.55400000000003,46.330000000000005,26.520000000000003,2.0580000000000003,20.41,1747.8440000000003
364,13011008,13,양파장아찌,50,19.715,3.5385,1.4985,0.05,0.577,423.605
365,13011009,13,오이지,50,11.44,2.392,0,0.312,1.144,925.9975000000001
366,13011010,13,무피클,50,17,4.192,1.992,0.052000000000000005,0.404,6.6
367,13011011,13,오이피클,50,54,14.642,1.992,0.152,0.304,333.6
368,13011012,13,단무지,30,3.9042000000000003,0.6640999999999999,0.2299,0.1632,0.11290000000000001,173.55040000000002
369,13012001,13,오징어젓갈,10,6.826,0.29359999999999997,0,0.09768,1.2384,179.109
370,13012002,13,명란젓,10,12,0.27,0,0.30000000000000004,2.0500000000000003,353.1
371,14011001,14,생연어,100,110.29,1.002,0,1.938,20.908,213.06
372,14011002,14,생선물회,800,575.0052000000001,81.4548,29.3748,14.128800000000002,36.7668,2986.2335999999996
373,14011004,14,광어회,100,116.2,9.34,5.46,1.36,17.2,754.4
374,14011005,14,훈제연어,100,169,9.34,5.46,6.16,19.279999999999998,1260.8
375,14012001,14,육회,150,236.55599999999998,15.946499999999999,7.0425,8.049,25.032000000000004,433.42350000000005
376,14012002,14,육사시미,150,203.54999999999998,6.959999999999999,4.095,6.074999999999999,29.279999999999998,888.03
377,15011001,15,가래떡,100,205.042,45.045,0,0.325,3.52,254.681
378,15011002,15,경단,100,303.79,67.042,0,0.538,6.584,186.364
379,15011003,15,꿀떡,100,225.916,50.356,9.5805,0.761,3.236,251.339
380,15011004,15,시루떡,100,223.62,49.029,5.994,0.275,5.5,278.948
381,15011005,15,메밀전병,100,166.141,24.821,0,5.496,5.792,340.662
382,15011006,15,찰떡,100,216.185,44.876,5.495,1.24,5.807,236.819
383,15011007,15,무지개떡,100,218.18,48.698,6.993,0.865,4.004,277.709
384,15011008,15,백설기,100,218.82,48.195,11.988,0.792,4.044,296.946
385,15011009,15,송편,100,234.899,46.821,1.5163000000000002,2.698,4.17,236.545
386,15011010,15,수수부꾸미,100,258.99,46.151,2.997,5.668,5.498,270.036
387,15011011,15,수수팥떡,100,212.73,45.17,0.999,0.678,5.98,236.379
388,15011012,15,쑥떡,100,238.06,54.64,9.99,0.45,4.531,256.148
389,15011013,15,약식,100,232.213,48.882,7.992,2.27,3.827,290.644
390,15011014,15,인절미,100,214.46,42.554,0,1.764,6.401,337.74
391,15011015,15,절편,100,197.812,44.074,4.995,0.35,3.06,266.77
392,15011016,15,증편,100,198.693,44.216,15.984,0.342,2.536,259.038
393,15011017,15,찹쌀떡,100,264.74,62.076,13.986,0.231,3.409,226.381
394,16011001,16,매작과,30,121.47749999999999,19.062900000000003,0,3.5702999999999996,2.5542,31.045799999999996
395,16011002,16,다식,30,105.16650000000001,20.8107,6.4557,1.7286,3.5462999999999996,3.8489999999999998
396,16011003,16,약과,30,113.84939999999999,22.183199999999996,2.1519,1.2387,2.574,16.4598
397,16011004,16,유과,30,129.06,24.136499999999998,1.12095,3.504,0.3609,7.0554
398,16011005,16,산자,30,121.69849999999997,24.70195,10.632824999999999,1.1966499999999998,0.9103499999999999,8.012550000000001
399,16011006,16,깨강정,30,150.29999999999998,13.62,0,9.87,4.5,24.3