C:__Users__hp276__Desktop__trex__data__rehab_mp_captures__PM_008_17__PM_008_17|live	C:\Users\hp276\Desktop\trex\data\rehab_mp_captures\PM_008_17\PM_008_17.cap	바벨 스쿼트	live			0			
C:__Users__hp276__Desktop__trex__data__rehab_mp_captures__PM_008_18__PM_008_18|live	C:\Users\hp276\Desktop\trex\data\rehab_mp_captures\PM_008_18\PM_008_18.cap	바벨 스쿼트	live			0			
C:__Users__hp276__Desktop__trex__data__rehab_mp_captures__PM_022_17__PM_022_17|live	C:\Users\hp276\Desktop\trex\data\rehab_mp_captures\PM_022_17\PM_022_17.cap	바벨 스쿼트	live			0			
C:__Users__hp276__Desktop__trex__data__rehab_mp_captures__PM_022_18__PM_022_18|live	C:\Users\hp276\Desktop\trex\data\rehab_mp_captures\PM_022_18\PM_022_18.cap	바벨 스쿼트	live			0			
C:__Users__hp276__Desktop__trex__data__rehab_mp_captures__PM_029_17__PM_029_17|live	C:\Users\hp276\Desktop\trex\data\rehab_mp_captures\PM_029_17\PM_029_17.cap	바벨 스쿼트	live			0			
C:__Users__hp276__Desktop__trex__data__rehab_mp_captures__PM_029_18__PM_029_18|live	C:\Users\hp276\Desktop\trex\data\rehab_mp_captures\PM_029_18\PM_029_18.cap	바벨 스쿼트	live			0			
C:__Users__hp276__Desktop__trex__data__rehab_mp_captures__PM_038_17__PM_038_17|live	C:\Users\hp276\Desktop\trex\data\rehab_mp_captures\PM_038_17\PM_038_17.cap	바벨 스쿼트	live			0			
C:__Users__hp276__Desktop__trex__data__rehab_mp_captures__PM_038_18__PM_038_18|live	C:\Users\hp276\Desktop\trex\data\rehab_mp_captures\PM_038_18\PM_038_18.cap	바벨 스쿼트	live			0			
C:__Users__hp276__Desktop__trex__data__rehab_mp_captures__PM_043_17__PM_043_17|live	C:\Users\hp276\Desktop\trex\data\rehab_mp_captures\PM_043_17\PM_043_17.cap	바벨 스쿼트	live			0			
C:__Users__hp276__Desktop__trex__data__rehab_mp_captures__PM_043_18__PM_043_18|live	C:\Users\hp276\Desktop\trex\data\rehab_mp_captures\PM_043_18\PM_043_18.cap	바벨 스쿼트	live			0			
C:__Users__hp276__Desktop__trex__data__rehab_mp_captures__PM_105_17__PM_105_17|live	C:\Users\hp276\Desktop\trex\data\rehab_mp_captures\PM_105_17\PM_105_17.cap	바벨 스쿼트	live			0			
C:__Users__hp276__Desktop__trex__data__rehab_mp_captures__PM_105_18__PM_105_18|live	C:\Users\hp276\Desktop\trex\data\rehab_mp_captures\PM_105_18\PM_105_18.cap	바벨 스쿼트	live			0			
C:__Users__hp276__Desktop__trex__data__rehab_mp_captures__PM_113_17__PM_113_17|live	C:\Users\hp276\Desktop\trex\data\rehab_mp_captures\PM_113_17\PM_113_17.cap	바벨 스쿼트	live			0			
C:__Users__hp276__Desktop__trex__data__rehab_mp_captures__PM_113_18__PM_113_18|live	C:\Users\hp276\Desktop\trex\data\rehab_mp_captures\PM_113_18\PM_113_18.cap	바벨 스쿼트	live			0			
C:__Users__hp276__Desktop__trex__data__rehab_mp_captures__PM_118_17__PM_118_17|live	C:\Users\hp276\Desktop\trex\data\rehab_mp_captures\PM_118_17\PM_118_17.cap	바벨 스쿼트	live			0			
C:__Users__hp276__Desktop__trex__data__rehab_mp_captures__PM_118_18__PM_118_18|live	C:\Users\hp276\Desktop\trex\data\rehab_mp_captures\PM_118_18\PM_118_18.cap	바벨 스쿼트	live			0			
C:__Users__hp276__Desktop__trex__data__rehab_mp_captures__PM_126_17__PM_126_17|live	C:\Users\hp276\Desktop\trex\data\rehab_mp_captures\PM_126_17\PM_126_17.cap	바벨 스쿼트	live			0			
C:__Users__hp276__Desktop__trex__data__rehab_mp_captures__PM_126_18__PM_126_18|live	C:\Users\hp276\Desktop\trex\data\rehab_mp_captures\PM_126_18\PM_126_18.cap	바벨 스쿼트	live			0			
