C:__Users__hp276__Desktop__trex__data__mmfit_mp_captures__w06__w06_set00_squats|live	C:\Users\hp276\Desktop\trex\data\mmfit_mp_captures\w06\w06_set00_squats.cap	바벨 스쿼트	live			0			
C:__Users__hp276__Desktop__trex__data__mmfit_mp_captures__w06__w06_set01_squats|live	C:\Users\hp276\Desktop\trex\data\mmfit_mp_captures\w06\w06_set01_squats.cap	바벨 스쿼트	live			0			
C:__Users__hp276__Desktop__trex__data__mmfit_mp_captures__w06__w06_set02_squats|live	C:\Users\hp276\Desktop\trex\data\mmfit_mp_captures\w06\w06_set02_squats.cap	바벨 스쿼트	live			0			
C:__Users__hp276__Desktop__trex__data__mmfit_mp_captures__w14__w14_set00_squats|live	C:\Users\hp276\Desktop\trex\data\mmfit_mp_captures\w14\w14_set00_squats.cap	바벨 스쿼트	live			0			
C:__Users__hp276__Desktop__trex__data__mmfit_mp_captures__w14__w14_set01_squats|live	C:\Users\hp276\Desktop\trex\data\mmfit_mp_captures\w14\w14_set01_squats.cap	바벨 스쿼트	live			0			
C:__Users__hp276__Desktop__trex__data__mmfit_mp_captures__w14__w14_set02_squats|live	C:\Users\hp276\Desktop\trex\data\mmfit_mp_captures\w14\w14_set02_squats.cap	바벨 스쿼트	live			0			
C:__Users__hp276__Desktop__trex__data__mmfit_mp_captures__w18__w18_set00_squats|live	C:\Users\hp276\Desktop\trex\data\mmfit_mp_captures\w18\w18_set00_squats.cap	바벨 스쿼트	live			0			
C:__Users__hp276__Desktop__trex__data__mmfit_mp_captures__w18__w18_set01_squats|live	C:\Users\hp276\Desktop\trex\data\mmfit_mp_captures\w18\w18_set01_squats.cap	바벨 스쿼트	live			0			
C:__Users__hp276__Desktop__trex__data__mmfit_mp_captures__w18__w18_set02_squats|live	C:\Users\hp276\Desktop\trex\data\mmfit_mp_captures\w18\w18_set02_squats.cap	바벨 스쿼트	live			0			
C:__Users__hp276__Desktop__trex__data__mmfit_mp_captures__w19__w19_set00_squats|live	C:\Users\hp276\Desktop\trex\data\mmfit_mp_captures\w19\w19_set00_squats.cap	바벨 스쿼트	live			0			
C:__Users__hp276__Desktop__trex__data__mmfit_mp_captures__w19__w19_set01_squats|live	C:\Users\hp276\Desktop\trex\data\mmfit_mp_captures\w19\w19_set01_squats.cap	바벨 스쿼트	live			0			
C:__Users__hp276__Desktop__trex__data__mmfit_mp_captures__w19__w19_set02_squats|live	C:\Users\hp276\Desktop\trex\data\mmfit_mp_captures\w19\w19_set02_squats.cap	바벨 스쿼트	live			0			
C:__Users__hp276__Desktop__trex__data__mmfit_mp_captures__w20__w20_set00_squats|live	C:\Users\hp276\Desktop\trex\data\mmfit_mp_captures\w20\w20_set00_squats.cap	바벨 스쿼트	live			0			
C:__Users__hp276__Desktop__trex__data__mmfit_mp_captures__w20__w20_set01_squats|live	C:\Users\hp276\Desktop\trex\data\mmfit_mp_captures\w20\w20_set01_squats.cap	바벨 스쿼트	live			0			
C:__Users__hp276__Desktop__trex__data__mmfit_mp_captures__w20__w20_set02_squats|live	C:\Users\hp276\Desktop\trex\data\mmfit_mp_captures\w20\w20_set02_squats.cap	바벨 스쿼트	live			0			
C:__Users__hp276__Desktop__trex__data__mmfit_mp_captures__w00__w00_set00_squats|live	C:\Users\hp276\Desktop\trex\data\mmfit_mp_captures\w00\w00_set00_squats.cap	바벨 스쿼트	live			0			
C:__Users__hp276__Desktop__trex__data__mmfit_mp_captures__w00__w00_set01_squats|live	C:\Users\hp276\Desktop\trex\data\mmfit_mp_captures\w00\w00_set01_squats.cap	바벨 스쿼트	live			0			
C:__Users__hp276__Desktop__trex__data__mmfit_mp_captures__w00__w00_set02_squats|live	C:\Users\hp276\Desktop\trex\data\mmfit_mp_captures\w00\w00_set02_squats.cap	바벨 스쿼트	live			0			
C:__Users__hp276__Desktop__trex__data__mmfit_mp_captures__w05__w05_set00_squats|live	C:\Users\hp276\Desktop\trex\data\mmfit_mp_captures\w05\w05_set00_squats.cap	바벨 스쿼트	live			0			
C:__Users__hp276__Desktop__trex__data__mmfit_mp_captures__w05__w05_set01_squats|live	C:\Users\hp276\Desktop\trex\data\mmfit_mp_captures\w05\w05_set01_squats.cap	바벨 스쿼트	live			0			
C:__Users__hp276__Desktop__trex__data__mmfit_mp_captures__w05__w05_set02_squats|live	C:\Users\hp276\Desktop\trex\data\mmfit_mp_captures\w05\w05_set02_squats.cap	바벨 스쿼트	live			0			
C:__Users__hp276__Desktop__trex__data__mmfit_mp_captures__w04__w04_set00_squats|live	C:\Users\hp276\Desktop\trex\data\mmfit_mp_captures\w04\w04_set00_squats.cap	바벨 스쿼트	live			0			
C:__Users__hp276__Desktop__trex__data__mmfit_mp_captures__w04__w04_set01_squats|live	C:\Users\hp276\Desktop\trex\data\mmfit_mp_captures\w04\w04_set01_squats.cap	바벨 스쿼트	live			0			
C:__Users__hp276__Desktop__trex__data__mmfit_mp_captures__w04__w04_set02_squats|live	C:\Users\hp276\Desktop\trex\data\mmfit_mp_captures\w04\w04_set02_squats.cap	바벨 스쿼트	live			0			
C:__Users__hp276__Desktop__trex__data__mmfit_mp_captures__w02__w02_set00_squats|live	C:\Users\hp276\Desktop\trex\data\mmfit_mp_captures\w02\w02_set00_squats.cap	바벨 스쿼트	live			0			
C:__Users__hp276__Desktop__trex__data__mmfit_mp_captures__w02__w02_set01_squats|live	C:\Users\hp276\Desktop\trex\data\mmfit_mp_captures\w02\w02_set01_squats.cap	바벨 스쿼트	live			0			
C:__Users__hp276__Desktop__trex__data__mmfit_mp_captures__w02__w02_set02_squats|live	C:\Users\hp276\Desktop\trex\data\mmfit_mp_captures\w02\w02_set02_squats.cap	바벨 스쿼트	live			0			
C:__Users__hp276__Desktop__trex__data__mmfit_mp_captures__w01__w01_set00_squats|live	C:\Users\hp276\Desktop\trex\data\mmfit_mp_captures\w01\w01_set00_squats.cap	바벨 스쿼트	live			0			
C:__Users__hp276__Desktop__trex__data__mmfit_mp_captures__w01__w01_set01_squats|live	C:\Users\hp276\Desktop\trex\data\mmfit_mp_captures\w01\w01_set01_squats.cap	바벨 스쿼트	live			0			
C:__Users__hp276__Desktop__trex__data__mmfit_mp_captures__w01__w01_set02_squats|live	C:\Users\hp276\Desktop\trex\data\mmfit_mp_captures\w01\w01_set02_squats.cap	바벨 스쿼트	live			0			
C:__Users__hp276__Desktop__trex__data__mmfit_mp_captures__w03__w03_set00_squats|live	C:\Users\hp276\Desktop\trex\data\mmfit_mp_captures\w03\w03_set00_squats.cap	바벨 스쿼트	live			0			
C:__Users__hp276__Desktop__trex__data__mmfit_mp_captures__w03__w03_set01_squats|live	C:\Users\hp276\Desktop\trex\data\mmfit_mp_captures\w03\w03_set01_squats.cap	바벨 스쿼트	live			0			
C:__Users__hp276__Desktop__trex__data__mmfit_mp_captures__w03__w03_set02_squats|live	C:\Users\hp276\Desktop\trex\data\mmfit_mp_captures\w03\w03_set02_squats.cap	바벨 스쿼트	live			0			
C:__Users__hp276__Desktop__trex__data__mmfit_mp_captures__w08__w08_set00_squats|live	C:\Users\hp276\Desktop\trex\data\mmfit_mp_captures\w08\w08_set00_squats.cap	바벨 스쿼트	live			0			
C:__Users__hp276__Desktop__trex__data__mmfit_mp_captures__w08__w08_set01_squats|live	C:\Users\hp276\Desktop\trex\data\mmfit_mp_captures\w08\w08_set01_squats.cap	바벨 스쿼트	live			0			
C:__Users__hp276__Desktop__trex__data__mmfit_mp_captures__w08__w08_set02_squats|live	C:\Users\hp276\Desktop\trex\data\mmfit_mp_captures\w08\w08_set02_squats.cap	바벨 스쿼트	live			0			
C:__Users__hp276__Desktop__trex__data__mmfit_mp_captures__w07__w07_set00_squats|live	C:\Users\hp276\Desktop\trex\data\mmfit_mp_captures\w07\w07_set00_squats.cap	바벨 스쿼트	live			0			
C:__Users__hp276__Desktop__trex__data__mmfit_mp_captures__w07__w07_set01_squats|live	C:\Users\hp276\Desktop\trex\data\mmfit_mp_captures\w07\w07_set01_squats.cap	바벨 스쿼트	live			0			
C:__Users__hp276__Desktop__trex__data__mmfit_mp_captures__w07__w07_set02_squats|live	C:\Users\hp276\Desktop\trex\data\mmfit_mp_captures\w07\w07_set02_squats.cap	바벨 스쿼트	live			0			
C:__Users__hp276__Desktop__trex__data__mmfit_mp_captures__w09__w09_set00_squats|live	C:\Users\hp276\Desktop\trex\data\mmfit_mp_captures\w09\w09_set00_squats.cap	바벨 스쿼트	live			0			
C:__Users__hp276__Desktop__trex__data__mmfit_mp_captures__w09__w09_set01_squats|live	C:\Users\hp276\Desktop\trex\data\mmfit_mp_captures\w09\w09_set01_squats.cap	바벨 스쿼트	live			0			
C:__Users__hp276__Desktop__trex__data__mmfit_mp_captures__w09__w09_set02_squats|live	C:\Users\hp276\Desktop\trex\data\mmfit_mp_captures\w09\w09_set02_squats.cap	바벨 스쿼트	live			0			
C:__Users__hp276__Desktop__trex__data__mmfit_mp_captures__w11__w11_set00_squats|live	C:\Users\hp276\Desktop\trex\data\mmfit_mp_captures\w11\w11_set00_squats.cap	바벨 스쿼트	live			0			
C:__Users__hp276__Desktop__trex__data__mmfit_mp_captures__w11__w11_set01_squats|live	C:\Users\hp276\Desktop\trex\data\mmfit_mp_captures\w11\w11_set01_squats.cap	바벨 스쿼트	live			0			
C:__Users__hp276__Desktop__trex__data__mmfit_mp_captures__w11__w11_set02_squats|live	C:\Users\hp276\Desktop\trex\data\mmfit_mp_captures\w11\w11_set02_squats.cap	바벨 스쿼트	live			0			
C:__Users__hp276__Desktop__trex__data__mmfit_mp_captures__w10__w10_set00_squats|live	C:\Users\hp276\Desktop\trex\data\mmfit_mp_captures\w10\w10_set00_squats.cap	바벨 스쿼트	live			0			
C:__Users__hp276__Desktop__trex__data__mmfit_mp_captures__w10__w10_set01_squats|live	C:\Users\hp276\Desktop\trex\data\mmfit_mp_captures\w10\w10_set01_squats.cap	바벨 스쿼트	live			0			
C:__Users__hp276__Desktop__trex__data__mmfit_mp_captures__w10__w10_set02_squats|live	C:\Users\hp276\Desktop\trex\data\mmfit_mp_captures\w10\w10_set02_squats.cap	바벨 스쿼트	live			0			
C:__Users__hp276__Desktop__trex__data__mmfit_mp_captures__w15__w15_set00_squats|live	C:\Users\hp276\Desktop\trex\data\mmfit_mp_captures\w15\w15_set00_squats.cap	바벨 스쿼트	live			0			
C:__Users__hp276__Desktop__trex__data__mmfit_mp_captures__w15__w15_set01_squats|live	C:\Users\hp276\Desktop\trex\data\mmfit_mp_captures\w15\w15_set01_squats.cap	바벨 스쿼트	live			0			
C:__Users__hp276__Desktop__trex__data__mmfit_mp_captures__w15__w15_set02_squats|live	C:\Users\hp276\Desktop\trex\data\mmfit_mp_captures\w15\w15_set02_squats.cap	바벨 스쿼트	live			0			
C:__Users__hp276__Desktop__trex__data__mmfit_mp_captures__w16__w16_set00_squats|live	C:\Users\hp276\Desktop\trex\data\mmfit_mp_captures\w16\w16_set00_squats.cap	바벨 스쿼트	live			0			
C:__Users__hp276__Desktop__trex__data__mmfit_mp_captures__w16__w16_set01_squats|live	C:\Users\hp276\Desktop\trex\data\mmfit_mp_captures\w16\w16_set01_squats.cap	바벨 스쿼트	live			0			
C:__Users__hp276__Desktop__trex__data__mmfit_mp_captures__w16__w16_set02_squats|live	C:\Users\hp276\Desktop\trex\data\mmfit_mp_captures\w16\w16_set02_squats.cap	바벨 스쿼트	live			0			
C:__Users__hp276__Desktop__trex__data__mmfit_mp_captures__w13__w13_set00_squats|live	C:\Users\hp276\Desktop\trex\data\mmfit_mp_captures\w13\w13_set00_squats.cap	바벨 스쿼트	live			0			
C:__Users__hp276__Desktop__trex__data__mmfit_mp_captures__w13__w13_set01_squats|live	C:\Users\hp276\Desktop\trex\data\mmfit_mp_captures\w13\w13_set01_squats.cap	바벨 스쿼트	live			0			
C:__Users__hp276__Desktop__trex__data__mmfit_mp_captures__w13__w13_set02_squats|live	C:\Users\hp276\Desktop\trex\data\mmfit_mp_captures\w13\w13_set02_squats.cap	바벨 스쿼트	live			0			
C:__Users__hp276__Desktop__trex__data__mmfit_mp_captures__w12__w12_set00_squats|live	C:\Users\hp276\Desktop\trex\data\mmfit_mp_captures\w12\w12_set00_squats.cap	바벨 스쿼트	live			0			
C:__Users__hp276__Desktop__trex__data__mmfit_mp_captures__w12__w12_set01_squats|live	C:\Users\hp276\Desktop\trex\data\mmfit_mp_captures\w12\w12_set01_squats.cap	바벨 스쿼트	live			0			
C:__Users__hp276__Desktop__trex__data__mmfit_mp_captures__w12__w12_set02_squats|live	C:\Users\hp276\Desktop\trex\data\mmfit_mp_captures\w12\w12_set02_squats.cap	바벨 스쿼트	live			0			
C:__Users__hp276__Desktop__trex__data__mmfit_mp_captures__w17__w17_set00_squats|live	C:\Users\hp276\Desktop\trex\data\mmfit_mp_captures\w17\w17_set00_squats.cap	바벨 스쿼트	live			0			
C:__Users__hp276__Desktop__trex__data__mmfit_mp_captures__w17__w17_set01_squats|live	C:\Users\hp276\Desktop\trex\data\mmfit_mp_captures\w17\w17_set01_squats.cap	바벨 스쿼트	live			0			
C:__Users__hp276__Desktop__trex__data__mmfit_mp_captures__w17__w17_set02_squats|live	C:\Users\hp276\Desktop\trex\data\mmfit_mp_captures\w17\w17_set02_squats.cap	바벨 스쿼트	live			0			
C:__Users__hp276__Desktop__trex__data__mmfit_mp_captures__w17__w17_set03_squats|live	C:\Users\hp276\Desktop\trex\data\mmfit_mp_captures\w17\w17_set03_squats.cap	바벨 스쿼트	live			0			
